Workbook

Sheet Pembelian Ayam
A1: Tanggal | B1: Supplier | C1: Jumlah Ekor | D1: Total Berat (Kg) | E1: Harga per Ekor | F1: Total Harga | G1: Harga per Kg
A2: 45658 | B2: odeng | C2: 100 | D2: 200 | E2: 20000 | F2: =C2*E2 -> 2000000 | G2: =IF(D2=0,"",F2/D2) -> 10000
F3: =C3*E3 -> 0 | G3: =IF(D3=0,"",F3/D3)
F4: =C4*E4 -> 0 | G4: =IF(D4=0,"",F4/D4)
F5: =C5*E5 -> 0 | G5: =IF(D5=0,"",F5/D5)
F6: =C6*E6 -> 0 | G6: =IF(D6=0,"",F6/D6)
F7: =C7*E7 -> 0 | G7: =IF(D7=0,"",F7/D7)
F8: =C8*E8 -> 0 | G8: =IF(D8=0,"",F8/D8)
F9: =C9*E9 -> 0 | G9: =IF(D9=0,"",F9/D9)
F10: =C10*E10 -> 0 | G10: =IF(D10=0,"",F10/D10)
F11: =C11*E11 -> 0 | G11: =IF(D11=0,"",F11/D11)
F12: =C12*E12 -> 0 | G12: =IF(D12=0,"",F12/D12)
F13: =C13*E13 -> 0 | G13: =IF(D13=0,"",F13/D13)
F14: =C14*E14 -> 0 | G14: =IF(D14=0,"",F14/D14)
... F100: =C100*E100 -> 0 | G100: =IF(D100=0,"",F100/D100)

Sheet Pembelian Bahan
A1: Tanggal | B1: Item | C1: Supplier | D1: Jumlah (Satuan) | E1: Satuan | F1: Harga per Satuan | G1: Total Harga
A2: 45658 | B2: bumbu | C2: go chicks | D2: 200 | E2: 1 | F2: 3000 | G2: =D2*F2 -> 600000
G3: =D3*F3 -> 0
G4: =D4*F4 -> 0
G5: =D5*F5 -> 0
G6: =D6*F6 -> 0
G7: =D7*F7 -> 0
G8: =D8*F8 -> 0
G9: =D9*F9 -> 0
G10: =D10*F10 -> 0
G11: =D11*F11 -> 0
G12: =D12*F12 -> 0
G13: =D13*F13 -> 0
G14: =D14*F14 -> 0
... G100: =D100*F100 -> 0

Sheet Penjualan
A1: Tanggal | B1: Berat Terjual (Kg) | C1: Harga Jual per Kg | D1: Total Penjualan
A2: 45658 | B2: 150 | C2: 37000 | D2: =B2*C2 -> 5550000
D3: =B3*C3 -> 0
D4: =B4*C4 -> 0
D5: =B5*C5 -> 0
D6: =B6*C6 -> 0
D7: =B7*C7 -> 0
D8: =B8*C8 -> 0
D9: =B9*C9 -> 0
D10: =B10*C10 -> 0
D11: =B11*C11 -> 0
D12: =B12*C12 -> 0
D13: =B13*C13 -> 0
D14: =B14*C14 -> 0
... D100: =B100*C100 -> 0

Sheet Rekap & Stok
A1: Total Berat Masuk (Kg) | B1: Berat Terjual (Kg) | C1: Stok Ayam Tersisa (Kg) | D1: Total Pembelian Ayam | E1: Total Pembelian Bahan | F1: Total Pembelian Keseluruhan | G1: Total Penjualan | H1: Keuntungan / Rugi
A2: =SUM('Pembelian Ayam'!D2:D100) -> 200 | B2: =SUM(Penjualan!B2:B100) -> 150 | C2: =A2-B2 -> 50 | D2: =SUM('Pembelian Ayam'!F2:F100) -> 2000000 | E2: =SUM('Pembelian Bahan'!G2:G100) -> 600000 | F2: =D2+E2 -> 2600000 | G2: =SUM(Penjualan!D2:D100) -> 5550000 | H2: =G2-F2 -> 2950000
